game_id,season,season_type,week,game_key,game_date,game_time_eastern,game_time_local,home_team_id,visitor_team_id,home_team_abbr,visitor_team_abbr,home_display_name,visitor_display_name,home_nickname,visitor_nickname,site_id,site_city,site_full_name,site_state,site_roof_type,network_channel,score_time,phase,phase_description,visitor_score_point_total,visitor_score_point_q1,visitor_score_point_q2,visitor_score_point_q3,visitor_score_point_q4,visitor_score_point_ot,visitor_timeouts_remaining,home_score_point_total,home_score_point_q1,home_score_point_q2,home_score_point_q3,home_score_point_q4,home_score_point_ot,home_timeouts_remaining,validated,spread_line,total_line
2023103000,2023,REG,8,59294,10/30/2023,20:15:00,NULL,1540,2520,DET,LV,Detroit Lions,Las Vegas Raiders,Lions,Raiders,2026,Detroit,Ford Field,MI,INDOOR,ABC,0:00,FINAL,FINAL,14,0,7,7,0,0,0,26,3,13,7,3,0,3,NULL,-7.5,45.5
2023091003,2023,REG,1,59177,9/10/2023,13:00:00,NULL,2200,2250,IND,JAX,Indianapolis Colts,Jacksonville Jaguars,Colts,Jaguars,2878,Indianapolis,Lucas Oil Stadium,IN,INDOOR,FOX,0:00,FINAL,FINAL,31,7,7,3,14,0,3,21,0,7,14,0,0,0,NULL,3.5,44.5
2023091100,2023,REG,1,59188,9/11/2023,20:15:00,NULL,3430,610,NYJ,BUF,New York Jets,Buffalo Bills,Jets,Bills,3757,East Rutherford,MetLife Stadium,NJ,OUTDOOR,ABC,0:00,FINAL OVERTIME,FINAL,16,3,10,0,3,0,2,22,0,3,3,10,6,2,NULL,1.5,45.5
2023092401,2023,REG,3,59207,9/24/2023,13:00:00,NULL,1050,2100,CLE,TEN,Cleveland Browns,Tennessee Titans,Browns,Titans,1048,Cleveland,Cleveland Browns Stadium,OH,OUTDOOR,CBS,0:00,FINAL,FINAL,3,0,3,0,0,0,2,27,3,10,7,7,0,3,NULL,-3.5,38.5
2023111207,2023,REG,10,59317,11/12/2023,16:05:00,NULL,3800,200,ARI,ATL,Arizona Cardinals,Atlanta Falcons,Cardinals,Falcons,1907,Glendale,State Farm Stadium,AZ,RETRACTABLE,CBS,0:00,FINAL,FINAL,23,0,14,3,6,0,0,25,3,9,10,3,0,1,NULL,1.5,43.5
2023112602,2023,REG,12,59343,11/26/2023,13:00:00,NULL,2120,2250,HOU,JAX,Houston Texans,Jacksonville Jaguars,Texans,Jaguars,3698,Houston,NRG Stadium,TX,OUTDOOR,CBS,0:00,FINAL,FINAL,24,3,10,8,3,0,1,21,0,7,7,7,0,0,NULL,1.5,47.5
2023112700,2023,REG,12,59352,11/27/2023,20:15:00,NULL,3000,810,MIN,CHI,Minnesota Vikings,Chicago Bears,Vikings,Bears,1652,Minneapolis,U.S. Bank Stadium,MN,INDOOR,ESPN,NULL,NULL,NULL,NULL,NULL,NULL,NULL,NULL,NULL,NULL,NULL,NULL,NULL,NULL,NULL,NULL,NULL,NULL,-2.5,43.5
2023101507,2023,REG,6,59259,10/15/2023,13:00:00,NULL,2700,750,MIA,CAR,Miami Dolphins,Carolina Panthers,Dolphins,Panthers,2475,Opa Locka,Hard Rock Stadium,FL,OUTDOOR,CBS,0:00,FINAL,FINAL,21,14,0,0,7,0,0,42,0,21,7,14,0,3,NULL,-14.5,47.5
2023111209,2023,REG,10,59319,11/12/2023,16:25:00,NULL,1200,3410,DAL,NYG,Dallas Cowboys,New York Giants,Cowboys,Giants,4948,Arlington,AT&T Stadium,TX,RETRACTABLE,FOX,0:00,FINAL,FINAL,17,0,0,7,10,0,0,49,7,21,14,7,0,1,NULL,-18.5,39.5
2023112302,2023,REG,12,59339,11/23/2023,20:20:00,NULL,4600,4500,SEA,SF,Seattle Seahawks,San Francisco 49ers,Seahawks,49ers,5315,Seattle,Lumen Field,WA,OUTDOOR,NBC,0:00,FINAL,FINAL,31,7,17,0,7,0,3,13,3,0,10,0,0,3,NULL,7.5,42.5
2023092501,2023,REG,3,59220,9/25/2023,20:15:00,NULL,920,2510,CIN,LA,Cincinnati Bengals,Los Angeles Rams,Bengals,Rams,3530,Cincinnati,Paycor Stadium,OH,OUTDOOR,ESPN,0:00,FINAL,FINAL,16,3,3,3,7,0,0,19,0,6,10,3,0,1,NULL,-4.5,44.5
2023111203,2023,REG,10,59313,11/12/2023,13:00:00,NULL,2250,4500,JAX,SF,Jacksonville Jaguars,San Francisco 49ers,Jaguars,49ers,2049,Jacksonville,TIAA Bank Field,FL,OUTDOOR,FOX,0:00,FINAL,FINAL,34,10,3,14,7,0,0,3,0,3,0,0,0,3,NULL,3.5,44.5
2023112400,2023,REG,12,59340,11/24/2023,15:00:00,NULL,3430,2700,NYJ,MIA,New York Jets,Miami Dolphins,Jets,Dolphins,3757,East Rutherford,MetLife Stadium,NJ,OUTDOOR,Prime Video,0:00,FINAL,FINAL,34,3,14,3,14,0,3,13,0,6,0,7,0,1,NULL,9.5,40.5
2023091710,2023,REG,2,59200,9/17/2023,16:25:00,NULL,1200,3430,DAL,NYJ,Dallas Cowboys,New York Jets,Cowboys,Jets,4948,Arlington,AT&T Stadium,TX,RETRACTABLE,CBS,0:00,FINAL,FINAL,10,0,10,0,0,0,3,30,7,11,6,6,0,2,NULL,-9.5,38.5
2023102300,2023,REG,7,59278,10/23/2023,20:15:00,NULL,3000,4500,MIN,SF,Minnesota Vikings,San Francisco 49ers,Vikings,49ers,1652,Minneapolis,U.S. Bank Stadium,MN,INDOOR,ABC,0:00,FINAL,FINAL,17,0,7,7,3,0,0,22,7,9,6,0,0,2,NULL,6.5,43.5
2023111204,2023,REG,10,59314,11/12/2023,13:00:00,NULL,3000,3300,MIN,NO,Minnesota Vikings,New Orleans Saints,Vikings,Saints,1652,Minneapolis,U.S. Bank Stadium,MN,INDOOR,FOX,0:00,FINAL,FINAL,19,3,0,8,8,0,0,27,3,21,3,0,0,1,NULL,2.5,41.5
2023112609,2023,REG,12,59350,11/26/2023,16:25:00,NULL,3700,610,PHI,BUF,Philadelphia Eagles,Buffalo Bills,Eagles,Bills,2769,Philadelphia,Lincoln Financial Field,PA,OUTDOOR,CBS,0:00,FINAL OVERTIME,FINAL,34,0,17,7,7,3,1,37,7,0,7,17,6,2,NULL,-2.5,48.5
2023110508,2023,REG,9,59304,11/5/2023,16:05:00,NULL,750,2200,CAR,IND,Carolina Panthers,Indianapolis Colts,Panthers,Colts,1769,Charlotte,Bank of America Stadium,NC,OUTDOOR,CBS,0:00,FINAL,FINAL,27,0,20,0,7,0,3,13,0,3,7,3,0,0,NULL,2.5,44.5
2023102205,2023,REG,7,59272,10/22/2023,13:00:00,NULL,4900,200,TB,ATL,Tampa Bay Buccaneers,Atlanta Falcons,Buccaneers,Falcons,3697,Tampa,Raymond James Stadium,FL,OUTDOOR,FOX,0:00,FINAL,FINAL,16,7,3,3,3,0,0,13,7,3,0,3,0,0,NULL,-2.5,37.5
2023092412,2023,REG,3,59218,9/24/2023,20:20:00,NULL,2520,3900,LV,PIT,Las Vegas Raiders,Pittsburgh Steelers,Raiders,Steelers,1510,Paradise,Allegiant Stadium,NV,INDOOR,NBC,0:00,FINAL,FINAL,23,7,6,10,0,0,1,18,7,0,0,11,0,0,NULL,-3.5,43.5
2023111911,2023,REG,11,59335,11/19/2023,20:20:00,NULL,1400,3000,DEN,MIN,Denver Broncos,Minnesota Vikings,Broncos,Vikings,5786,Denver,Empower Field at Mile High,CO,OUTDOOR,NBC,0:00,FINAL,FINAL,20,0,10,7,3,0,0,21,3,6,0,12,0,1,NULL,-2.5,43.5
2023112600,2023,REG,12,59341,11/26/2023,13:00:00,NULL,200,3300,ATL,NO,Atlanta Falcons,New Orleans Saints,Falcons,Saints,2076,Atlanta,Mercedes-Benz Stadium,GA,INDOOR,FOX,0:00,FINAL,FINAL,15,3,6,3,3,0,1,24,7,7,0,10,0,2,NULL,2.5,42.5
2023110500,2023,REG,9,59296,11/5/2023,9:30:00,NULL,2310,2700,KC,MIA,Kansas City Chiefs,Miami Dolphins,Chiefs,Dolphins,2031,Frankfurt,Deutsche Bank Park,Hesse,OUTDOOR,NFL NETWORK,0:00,FINAL,FINAL,14,0,0,14,0,0,1,21,7,14,0,0,0,3,NULL,-1.5,51.5
2023102902,2023,REG,8,59282,10/29/2023,13:00:00,NULL,1800,3000,GB,MIN,Green Bay Packers,Minnesota Vikings,Packers,Vikings,2606,Green Bay,Lambeau Field,WI,OUTDOOR,FOX,0:00,FINAL,FINAL,24,7,3,14,0,0,1,10,0,3,7,0,0,0,NULL,1.5,42.5
2023110511,2023,REG,9,59307,11/5/2023,20:20:00,NULL,920,610,CIN,BUF,Cincinnati Bengals,Buffalo Bills,Bengals,Bills,3530,Cincinnati,Paycor Stadium,OH,OUTDOOR,NBC,0:00,FINAL,FINAL,18,7,0,3,8,0,0,24,14,7,0,3,0,0,NULL,-1.5,50.5
2023091012,2023,REG,1,59186,9/10/2023,16:25:00,NULL,4600,2510,SEA,LA,Seattle Seahawks,Los Angeles Rams,Seahawks,Rams,5315,Seattle,Lumen Field,WA,OUTDOOR,FOX,0:00,FINAL,FINAL,30,7,0,10,13,0,0,13,3,10,0,0,0,0,NULL,-4.5,44.5
2023102210,2023,REG,7,59277,10/22/2023,20:20:00,NULL,3700,2700,PHI,MIA,Philadelphia Eagles,Miami Dolphins,Eagles,Dolphins,2769,Philadelphia,Lincoln Financial Field,PA,OUTDOOR,NBC,0:00,FINAL,FINAL,17,3,7,7,0,0,0,31,3,14,7,7,0,1,NULL,-2.5,51.5
2023112601,2023,REG,12,59342,11/26/2023,13:00:00,NULL,920,3900,CIN,PIT,Cincinnati Bengals,Pittsburgh Steelers,Bengals,Steelers,3530,Cincinnati,Paycor Stadium,OH,OUTDOOR,CBS,0:00,FINAL,FINAL,16,0,3,7,6,0,1,10,0,7,0,3,0,0,NULL,-1.5,35.5
2023111202,2023,REG,10,59312,11/12/2023,13:00:00,NULL,920,2120,CIN,HOU,Cincinnati Bengals,Houston Texans,Bengals,Texans,3530,Cincinnati,Paycor Stadium,OH,OUTDOOR,CBS,0:00,FINAL,FINAL,30,0,10,10,10,0,0,27,7,0,10,10,0,0,NULL,-5.5,45.5
2023091010,2023,REG,1,59184,9/10/2023,16:25:00,NULL,4400,2700,LAC,MIA,Los Angeles Chargers,Miami Dolphins,Chargers,Dolphins,3005,Inglewood,SoFi Stadium,CA,OUTDOOR,CBS,0:00,FINAL,FINAL,36,7,13,7,9,0,3,34,7,10,7,10,0,0,NULL,-2.5,50.5
2023100113,2023,REG,4,59235,10/1/2023,20:20:00,NULL,3430,2310,NYJ,KC,New York Jets,Kansas City Chiefs,Jets,Chiefs,3757,East Rutherford,MetLife Stadium,NJ,OUTDOOR,NBC,0:00,FINAL,FINAL,23,17,3,0,3,0,3,20,0,12,8,0,0,0,NULL,8.5,41.5
2023101600,2023,REG,6,59265,10/16/2023,20:15:00,NULL,4400,1200,LAC,DAL,Los Angeles Chargers,Dallas Cowboys,Chargers,Cowboys,3005,Inglewood,SoFi Stadium,CA,OUTDOOR,ABC,0:00,FINAL,FINAL,20,7,3,0,10,0,1,17,7,0,3,7,0,0,NULL,NaN,50.5
2023110600,2023,REG,9,59308,11/6/2023,20:15:00,NULL,3430,4400,NYJ,LAC,New York Jets,Los Angeles Chargers,Jets,Chargers,3757,East Rutherford,MetLife Stadium,NJ,OUTDOOR,ABC,0:00,FINAL,FINAL,27,14,3,0,10,0,3,6,0,3,3,0,0,1,NULL,3.5,40.5
2023100200,2023,REG,4,59236,10/2/2023,20:15:00,NULL,3410,4600,NYG,SEA,New York Giants,Seattle Seahawks,Giants,Seahawks,3757,East Rutherford,MetLife Stadium,NJ,OUTDOOR,ABC,0:00,FINAL,FINAL,24,7,7,7,3,0,2,3,0,3,0,0,0,1,NULL,2.5,46.5
2023091005,2023,REG,1,59179,9/10/2023,13:00:00,NULL,3300,2100,NO,TEN,New Orleans Saints,Tennessee Titans,Saints,Titans,2870,New Orleans,Caesars Superdome,LA,INDOOR,CBS,0:00,FINAL,FINAL,15,6,3,0,6,0,0,16,3,3,10,0,0,3,NULL,-2.5,41.5
2023101508,2023,REG,6,59260,10/15/2023,16:25:00,NULL,4900,1540,TB,DET,Tampa Bay Buccaneers,Detroit Lions,Buccaneers,Lions,3697,Tampa,Raymond James Stadium,FL,OUTDOOR,FOX,0:00,FINAL,FINAL,20,3,7,7,3,0,3,6,0,3,3,0,0,2,NULL,3.5,42.5
2023092100,2023,REG,3,59205,9/21/2023,20:15:00,NULL,4500,3410,SF,NYG,San Francisco 49ers,New York Giants,49ers,Giants,2099,Santa Clara,Levi's Stadium,CA,OUTDOOR,Prime Video,0:00,FINAL,FINAL,12,3,3,6,0,0,0,30,3,14,3,10,0,2,NULL,-10.5,43.5
2023101200,2023,REG,6,59251,10/12/2023,20:15:00,NULL,2310,1400,KC,DEN,Kansas City Chiefs,Denver Broncos,Chiefs,Broncos,1552,Kansas City,GEHA Field at Arrowhead Stadium,MO,OUTDOOR,Prime Video,0:00,FINAL,FINAL,8,0,0,0,8,0,1,19,3,10,3,3,0,3,NULL,-10.5,48.5
2023100107,2023,REG,4,59229,10/1/2023,13:00:00,NULL,3300,4900,NO,TB,New Orleans Saints,Tampa Bay Buccaneers,Saints,Buccaneers,2870,New Orleans,Caesars Superdome,LA,INDOOR,FOX,0:00,FINAL,FINAL,26,0,14,0,12,0,3,9,3,0,3,3,0,0,NULL,-4.5,40.5
2023112606,2023,REG,12,59347,11/26/2023,16:05:00,NULL,3800,2510,ARI,LA,Arizona Cardinals,Los Angeles Rams,Cardinals,Rams,1907,Glendale,State Farm Stadium,AZ,RETRACTABLE,FOX,0:00,FINAL,FINAL,37,7,14,3,13,0,1,14,8,0,0,6,0,3,NULL,3.5,45.5
2023091707,2023,REG,2,59197,9/17/2023,13:00:00,NULL,2100,4400,TEN,LAC,Tennessee Titans,Los Angeles Chargers,Titans,Chargers,2350,Nashville,Nissan Stadium,TN,OUTDOOR,CBS,0:00,FINAL OVERTIME,FINAL,24,3,11,0,10,0,1,27,0,10,7,7,3,2,NULL,1.5,46.5
2023111206,2023,REG,10,59316,11/12/2023,13:00:00,NULL,4900,2100,TB,TEN,Tampa Bay Buccaneers,Tennessee Titans,Buccaneers,Titans,3697,Tampa,Raymond James Stadium,FL,OUTDOOR,CBS,0:00,FINAL,FINAL,6,3,0,0,3,0,0,20,0,7,10,3,0,3,NULL,-1.5,38.5
2023112604,2023,REG,12,59345,11/26/2023,13:00:00,NULL,3410,3200,NYG,NE,New York Giants,New England Patriots,Giants,Patriots,3757,East Rutherford,MetLife Stadium,NJ,OUTDOOR,FOX,0:00,FINAL,FINAL,7,0,0,7,0,0,1,10,0,7,0,3,0,2,NULL,4.5,35.5
2023111210,2023,REG,10,59320,11/12/2023,16:25:00,NULL,4600,5110,SEA,WAS,Seattle Seahawks,Washington Commanders,Seahawks,Commanders,5315,Seattle,Lumen Field,WA,OUTDOOR,FOX,0:00,FINAL,FINAL,26,6,3,3,14,0,0,29,3,6,7,13,0,0,NULL,-5.5,43.5
2023111300,2023,REG,10,59322,11/13/2023,20:15:00,NULL,610,1400,BUF,DEN,Buffalo Bills,Denver Broncos,Bills,Broncos,3770,Orchard Park,Highmark Stadium,NY,OUTDOOR,ESPN,0:00,FINAL,FINAL,24,3,12,0,9,0,0,22,0,8,7,7,0,0,NULL,-7.5,47.5
2023111208,2023,REG,10,59318,11/12/2023,16:05:00,NULL,4400,1540,LAC,DET,Los Angeles Chargers,Detroit Lions,Chargers,Lions,3005,Inglewood,SoFi Stadium,CA,OUTDOOR,CBS,0:00,FINAL,FINAL,41,10,14,7,10,0,2,38,3,14,7,14,0,0,NULL,2.5,48.5
2023112605,2023,REG,12,59346,11/26/2023,13:00:00,NULL,2100,750,TEN,CAR,Tennessee Titans,Carolina Panthers,Titans,Panthers,2350,Nashville,Nissan Stadium,TN,OUTDOOR,FOX,0:00,FINAL,FINAL,10,0,3,7,0,0,0,17,7,10,0,0,0,3,NULL,-3.5,35.5
2023111201,2023,REG,10,59311,11/12/2023,13:00:00,NULL,325,1050,BAL,CLE,Baltimore Ravens,Cleveland Browns,Ravens,Browns,3695,Baltimore,M&T Bank Stadium,MD,OUTDOOR,FOX,0:00,FINAL,FINAL,33,3,6,8,16,0,0,31,17,0,7,7,0,0,NULL,-5.5,38.5
2023111211,2023,REG,10,59321,11/12/2023,20:20:00,NULL,2520,3430,LV,NYJ,Las Vegas Raiders,New York Jets,Raiders,Jets,1510,Paradise,Allegiant Stadium,NV,INDOOR,NBC,0:00,FINAL,FINAL,12,6,3,0,3,0,0,16,3,3,3,7,0,1,NULL,-1.5,35.5
2023111910,2023,REG,11,59334,11/19/2023,16:25:00,NULL,2510,4600,LA,SEA,Los Angeles Rams,Seattle Seahawks,Rams,Seahawks,3005,Inglewood,SoFi Stadium,CA,OUTDOOR,CBS,0:00,FINAL,FINAL,16,7,6,3,0,0,0,17,0,7,0,10,0,0,NULL,-2.5,45.5
2023112300,2023,REG,12,59337,11/23/2023,12:30:00,NULL,1540,1800,DET,GB,Detroit Lions,Green Bay Packers,Lions,Packers,2026,Detroit,Ford Field,MI,INDOOR,FOX,0:00,FINAL,FINAL,29,20,3,6,0,0,1,22,6,0,8,8,0,2,NULL,-8.5,47.5
2023112603,2023,REG,12,59344,11/26/2023,13:00:00,NULL,2200,4900,IND,TB,Indianapolis Colts,Tampa Bay Buccaneers,Colts,Buccaneers,2878,Indianapolis,Lucas Oil Stadium,IN,INDOOR,CBS,0:00,FINAL,FINAL,20,3,7,0,10,0,2,27,10,7,3,7,0,3,NULL,-3.5,44.5
2023110900,2023,REG,10,59309,11/9/2023,20:15:00,NULL,810,750,CHI,CAR,Chicago Bears,Carolina Panthers,Bears,Panthers,4620,Chicago,Soldier Field,IL,OUTDOOR,Prime Video,0:00,FINAL,FINAL,13,7,3,0,3,0,0,16,3,6,7,0,0,3,NULL,-3.5,38.5
2023112608,2023,REG,12,59349,11/26/2023,16:25:00,NULL,2520,2310,LV,KC,Las Vegas Raiders,Kansas City Chiefs,Raiders,Chiefs,1510,Paradise,Allegiant Stadium,NV,INDOOR,CBS,0:00,FINAL,FINAL,31,0,14,7,10,0,3,17,7,7,3,0,0,2,NULL,9.5,42.5
2023110200,2023,REG,9,59295,11/2/2023,20:15:00,NULL,3900,2100,PIT,TEN,Pittsburgh Steelers,Tennessee Titans,Steelers,Titans,5411,Pittsburgh,Acrisure Stadium,PA,OUTDOOR,Prime Video,0:00,FINAL,FINAL,16,3,10,3,0,0,0,20,7,3,3,7,0,1,NULL,-3.5,37.5
2023112610,2023,REG,12,59351,11/26/2023,20:20:00,NULL,4400,325,LAC,BAL,Los Angeles Chargers,Baltimore Ravens,Chargers,Ravens,3005,Inglewood,SoFi Stadium,CA,OUTDOOR,NBC,0:00,FINAL,FINAL,20,0,10,3,7,0,1,10,3,0,0,7,0,1,NULL,3.5,48.5
2023100112,2023,REG,4,59234,10/1/2023,16:25:00,NULL,4500,3800,SF,ARI,San Francisco 49ers,Arizona Cardinals,49ers,Cardinals,2099,Santa Clara,Levi's Stadium,CA,OUTDOOR,FOX,0:00,FINAL,FINAL,16,0,10,6,0,0,0,35,7,14,0,14,0,2,NULL,-15.5,43.5
2023102911,2023,REG,8,59291,10/29/2023,16:25:00,NULL,1400,2310,DEN,KC,Denver Broncos,Kansas City Chiefs,Broncos,Chiefs,5786,Denver,Empower Field at Mile High,CO,OUTDOOR,CBS,0:00,FINAL,FINAL,9,3,6,0,0,0,0,24,7,7,0,10,0,0,NULL,6.5,45.5
2023091007,2023,REG,1,59181,9/10/2023,13:00:00,NULL,5110,3800,WAS,ARI,Washington Commanders,Arizona Cardinals,Commanders,Cardinals,2389,Landover,FedExField,MD,OUTDOOR,FOX,0:00,FINAL,FINAL,16,3,10,3,0,0,0,20,7,3,0,10,0,2,NULL,-7.5,37.5
2023091801,2023,REG,2,59204,9/18/2023,20:15:00,NULL,3900,1050,PIT,CLE,Pittsburgh Steelers,Cleveland Browns,Steelers,Browns,5411,Pittsburgh,Acrisure Stadium,PA,OUTDOOR,ABC,0:00,FINAL,FINAL,22,3,11,8,0,0,1,26,7,9,3,7,0,2,NULL,2.5,39.5
2023092411,2023,REG,3,59217,9/24/2023,16:25:00,NULL,2310,810,KC,CHI,Kansas City Chiefs,Chicago Bears,Chiefs,Bears,1552,Kansas City,GEHA Field at Arrowhead Stadium,MO,OUTDOOR,FOX,0:00,FINAL,FINAL,10,0,0,0,10,0,3,41,7,27,7,0,0,3,NULL,-12.5,49.5
2023091000,2023,REG,1,59174,9/10/2023,13:00:00,NULL,200,750,ATL,CAR,Atlanta Falcons,Carolina Panthers,Falcons,Panthers,2076,Atlanta,Mercedes-Benz Stadium,GA,INDOOR,FOX,0:00,FINAL,FINAL,10,0,7,3,0,0,0,24,0,7,3,14,0,2,NULL,-3.5,40.5
2023091701,2023,REG,2,59191,9/17/2023,13:00:00,NULL,610,2520,BUF,LV,Buffalo Bills,Las Vegas Raiders,Bills,Raiders,3770,Orchard Park,Highmark Stadium,NY,OUTDOOR,CBS,0:00,FINAL,FINAL,10,7,3,0,0,0,3,38,7,14,7,10,0,0,NULL,-7.5,47.5
2023091712,2023,REG,2,59202,9/17/2023,20:20:00,NULL,3200,2700,NE,MIA,New England Patriots,Miami Dolphins,Patriots,Dolphins,1065,Foxborough,Gillette Stadium,MA,OUTDOOR,NBC,0:00,FINAL,FINAL,24,3,14,0,7,0,2,17,0,3,0,14,0,0,NULL,2.5,46.5
2023100108,2023,REG,4,59230,10/1/2023,13:00:00,NULL,3700,5110,PHI,WAS,Philadelphia Eagles,Washington Commanders,Eagles,Commanders,2769,Philadelphia,Lincoln Financial Field,PA,OUTDOOR,FOX,0:00,FINAL OVERTIME,FINAL,31,7,10,0,14,0,2,34,7,3,11,10,3,2,NULL,-9.5,43.5
2023110509,2023,REG,9,59305,11/5/2023,16:25:00,NULL,2520,3410,LV,NYG,Las Vegas Raiders,New York Giants,Raiders,Giants,1510,Paradise,Allegiant Stadium,NV,INDOOR,FOX,0:00,FINAL,FINAL,6,0,0,0,6,0,1,30,7,17,3,3,0,1,NULL,-1.5,38.5
2023111205,2023,REG,10,59315,11/12/2023,13:00:00,NULL,3900,1800,PIT,GB,Pittsburgh Steelers,Green Bay Packers,Steelers,Packers,5411,Pittsburgh,Acrisure Stadium,PA,OUTDOOR,CBS,0:00,FINAL,FINAL,19,7,6,6,0,0,0,23,7,10,3,3,0,0,NULL,-2.5,39.5
2023110504,2023,REG,9,59300,11/5/2023,13:00:00,NULL,1800,2510,GB,LA,Green Bay Packers,Los Angeles Rams,Packers,Rams,2606,Green Bay,Lambeau Field,WI,OUTDOOR,FOX,0:00,FINAL,FINAL,3,0,3,0,0,0,0,20,0,7,3,10,0,2,NULL,-3.5,37.5
2023092409,2023,REG,3,59215,9/24/2023,16:05:00,NULL,4600,750,SEA,CAR,Seattle Seahawks,Carolina Panthers,Seahawks,Panthers,5315,Seattle,Lumen Field,WA,OUTDOOR,CBS,0:00,FINAL,FINAL,27,3,10,0,14,0,0,37,3,9,10,15,0,1,NULL,-5.5,41.5
2023111905,2023,REG,11,59329,11/19/2023,13:00:00,NULL,2250,2100,JAX,TEN,Jacksonville Jaguars,Tennessee Titans,Jaguars,Titans,2049,Jacksonville,TIAA Bank Field,FL,OUTDOOR,CBS,0:00,FINAL,FINAL,14,0,0,7,7,0,3,34,7,6,14,7,0,2,NULL,-6.5,39.5
2023102204,2023,REG,7,59271,10/22/2023,13:00:00,NULL,3410,5110,NYG,WAS,New York Giants,Washington Commanders,Giants,Commanders,3757,East Rutherford,MetLife Stadium,NJ,OUTDOOR,CBS,0:00,FINAL,FINAL,7,0,0,7,0,0,0,14,0,14,0,0,0,2,NULL,3.5,36.5
2023110501,2023,REG,9,59297,11/5/2023,13:00:00,NULL,200,3000,ATL,MIN,Atlanta Falcons,Minnesota Vikings,Falcons,Vikings,2076,Atlanta,Mercedes-Benz Stadium,GA,INDOOR,FOX,0:00,FINAL,FINAL,31,3,7,11,10,0,1,28,3,8,10,7,0,1,NULL,-3.5,38.5
2023110505,2023,REG,9,59301,11/5/2023,13:00:00,NULL,2120,4900,HOU,TB,Houston Texans,Tampa Bay Buccaneers,Texans,Buccaneers,3698,Houston,NRG Stadium,TX,OUTDOOR,CBS,0:00,FINAL,FINAL,37,10,7,6,14,0,0,39,7,3,12,17,0,0,NULL,-2.5,39.5
2023112000,2023,REG,11,59336,11/20/2023,20:15:00,NULL,2310,3700,KC,PHI,Kansas City Chiefs,Philadelphia Eagles,Chiefs,Eagles,1552,Kansas City,GEHA Field at Arrowhead Stadium,MO,OUTDOOR,ESPN,0:00,FINAL,FINAL,21,7,0,7,7,0,2,17,7,10,0,0,0,0,NULL,-2.5,46.5
2023101510,2023,REG,6,59262,10/15/2023,16:25:00,NULL,2510,3800,LA,ARI,Los Angeles Rams,Arizona Cardinals,Rams,Cardinals,3005,Inglewood,SoFi Stadium,CA,OUTDOOR,FOX,0:00,FINAL,FINAL,9,3,6,0,0,0,1,26,3,3,10,10,0,1,NULL,-7.5,47.5
2023112301,2023,REG,12,59338,11/23/2023,16:30:00,NULL,1200,5110,DAL,WAS,Dallas Cowboys,Washington Commanders,Cowboys,Commanders,4948,Arlington,AT&T Stadium,TX,RETRACTABLE,CBS,0:00,FINAL,FINAL,10,0,10,0,0,0,2,45,7,13,0,25,0,2,NULL,-13.5,47.5
2023091800,2023,REG,2,59203,9/18/2023,19:15:00,NULL,750,3300,CAR,NO,Carolina Panthers,New Orleans Saints,Panthers,Saints,1769,Charlotte,Bank of America Stadium,NC,OUTDOOR,ESPN,0:00,FINAL,FINAL,20,3,3,7,7,0,1,17,3,0,3,11,0,0,NULL,3.5,39.5
2023100809,2023,REG,5,59247,10/8/2023,16:25:00,NULL,1400,3430,DEN,NYJ,Denver Broncos,New York Jets,Broncos,Jets,5786,Denver,Empower Field at Mile High,CO,OUTDOOR,CBS,0:00,FINAL,FINAL,31,5,3,10,13,0,1,21,7,6,0,8,0,0,NULL,-2.5,42.5
2023112607,2023,REG,12,59348,11/26/2023,16:05:00,NULL,1400,1050,DEN,CLE,Denver Broncos,Cleveland Browns,Broncos,Browns,5786,Denver,Empower Field at Mile High,CO,OUTDOOR,FOX,0:00,FINAL,FINAL,12,0,6,6,0,0,0,29,7,7,3,12,0,1,NULL,-1.5,37.5
2023091002,2023,REG,1,59176,9/10/2023,13:00:00,NULL,1050,920,CLE,CIN,Cleveland Browns,Cincinnati Bengals,Browns,Bengals,1048,Cleveland,Cleveland Browns Stadium,OH,OUTDOOR,CBS,0:00,FINAL,FINAL,3,0,0,3,0,0,3,24,0,10,3,11,0,3,NULL,1.5,45.5
2023091705,2023,REG,2,59195,9/17/2023,13:00:00,NULL,2250,2310,JAX,KC,Jacksonville Jaguars,Kansas City Chiefs,Jaguars,Chiefs,2049,Jacksonville,TIAA Bank Field,FL,OUTDOOR,CBS,0:00,FINAL,FINAL,17,0,7,7,3,0,3,9,0,6,0,3,0,0,NULL,3.5,50.5
2023100806,2023,REG,5,59244,10/8/2023,13:00:00,NULL,3900,325,PIT,BAL,Pittsburgh Steelers,Baltimore Ravens,Steelers,Ravens,5411,Pittsburgh,Acrisure Stadium,PA,OUTDOOR,CBS,0:00,FINAL,FINAL,10,7,3,0,0,0,0,17,0,3,0,14,0,3,NULL,5.5,38.5
2023090700,2023,REG,1,59173,9/7/2023,20:20:00,NULL,2310,1540,KC,DET,Kansas City Chiefs,Detroit Lions,Chiefs,Lions,1552,Kansas City,GEHA Field at Arrowhead Stadium,MO,OUTDOOR,NBC,0:00,FINAL,FINAL,21,7,0,7,7,0,3,20,0,14,3,3,0,0,NULL,-4.5,52.5
2023091001,2023,REG,1,59175,9/10/2023,13:00:00,NULL,325,2120,BAL,HOU,Baltimore Ravens,Houston Texans,Ravens,Texans,3695,Baltimore,M&T Bank Stadium,MD,OUTDOOR,CBS,0:00,FINAL,FINAL,9,0,6,0,3,0,0,25,7,0,15,3,0,0,NULL,-9.5,43.5
2023091004,2023,REG,1,59178,9/10/2023,13:00:00,NULL,3000,4900,MIN,TB,Minnesota Vikings,Tampa Bay Buccaneers,Vikings,Buccaneers,1652,Minneapolis,U.S. Bank Stadium,MN,INDOOR,CBS,0:00,FINAL,FINAL,20,3,7,7,3,0,1,17,0,10,0,7,0,0,NULL,-4.5,45.5
2023091006,2023,REG,1,59180,9/10/2023,13:00:00,NULL,3900,4500,PIT,SF,Pittsburgh Steelers,San Francisco 49ers,Steelers,49ers,5411,Pittsburgh,Acrisure Stadium,PA,OUTDOOR,FOX,0:00,FINAL,FINAL,30,10,10,7,3,0,2,7,0,7,0,0,0,2,NULL,1.5,41.5
2023100111,2023,REG,4,59233,10/1/2023,16:25:00,NULL,1200,3200,DAL,NE,Dallas Cowboys,New England Patriots,Cowboys,Patriots,4948,Arlington,AT&T Stadium,TX,RETRACTABLE,FOX,0:00,FINAL,FINAL,3,3,0,0,0,0,3,38,10,18,3,7,0,1,NULL,-6.5,42.5
2023102913,2023,REG,8,59293,10/29/2023,20:20:00,NULL,4400,810,LAC,CHI,Los Angeles Chargers,Chicago Bears,Chargers,Bears,3005,Inglewood,SoFi Stadium,CA,OUTDOOR,NBC,0:00,FINAL,FINAL,13,0,7,0,6,0,3,30,14,10,6,0,0,2,NULL,-9.5,45.5
2023110502,2023,REG,9,59298,11/5/2023,13:00:00,NULL,325,4600,BAL,SEA,Baltimore Ravens,Seattle Seahawks,Ravens,Seahawks,3695,Baltimore,M&T Bank Stadium,MD,OUTDOOR,CBS,0:00,FINAL,FINAL,3,0,3,0,0,0,3,37,0,17,13,7,0,1,NULL,-5.5,44.5
2023091008,2023,REG,1,59182,9/10/2023,16:25:00,NULL,810,1800,CHI,GB,Chicago Bears,Green Bay Packers,Bears,Packers,4620,Chicago,Soldier Field,IL,OUTDOOR,FOX,0:00,FINAL,FINAL,38,7,3,14,14,0,0,20,3,3,8,6,0,0,NULL,-0.5,40.5
2023091711,2023,REG,2,59201,9/17/2023,16:25:00,NULL,1400,5110,DEN,WAS,Denver Broncos,Washington Commanders,Broncos,Commanders,5786,Denver,Empower Field at Mile High,CO,OUTDOOR,CBS,0:00,FINAL,FINAL,35,3,11,7,14,0,1,33,14,7,3,9,0,0,NULL,-4.5,39.5
2023092500,2023,REG,3,59219,9/25/2023,19:15:00,NULL,4900,3700,TB,PHI,Tampa Bay Buccaneers,Philadelphia Eagles,Buccaneers,Eagles,3697,Tampa,Raymond James Stadium,FL,OUTDOOR,ABC,0:00,FINAL,FINAL,25,3,10,9,3,0,2,11,0,3,0,8,0,2,NULL,5.5,44.5
2023102910,2023,REG,8,59290,10/29/2023,16:25:00,NULL,3800,325,ARI,BAL,Arizona Cardinals,Baltimore Ravens,Cardinals,Ravens,1907,Glendale,State Farm Stadium,AZ,RETRACTABLE,CBS,0:00,FINAL,FINAL,31,7,7,7,10,0,1,24,7,0,0,17,0,0,NULL,9.5,44.5
2023110510,2023,REG,9,59306,11/5/2023,16:25:00,NULL,3700,1200,PHI,DAL,Philadelphia Eagles,Dallas Cowboys,Eagles,Cowboys,2769,Philadelphia,Lincoln Financial Field,PA,OUTDOOR,FOX,0:00,FINAL,FINAL,23,7,10,0,6,0,0,28,7,7,14,0,0,0,NULL,-3.5,46.5
2023091009,2023,REG,1,59183,9/10/2023,16:25:00,NULL,1400,2520,DEN,LV,Denver Broncos,Las Vegas Raiders,Broncos,Raiders,5786,Denver,Empower Field at Mile High,CO,OUTDOOR,CBS,0:00,FINAL,FINAL,17,7,3,0,7,0,3,16,6,7,0,3,0,0,NULL,-3.5,43.5
2023100810,2023,REG,5,59248,10/8/2023,16:25:00,NULL,3000,2310,MIN,KC,Minnesota Vikings,Kansas City Chiefs,Vikings,Chiefs,1652,Minneapolis,U.S. Bank Stadium,MN,INDOOR,CBS,0:00,FINAL,FINAL,27,7,6,14,0,0,3,20,3,10,0,7,0,0,NULL,3.5,52.5
2023102206,2023,REG,7,59273,10/22/2023,16:05:00,NULL,2510,3900,LA,PIT,Los Angeles Rams,Pittsburgh Steelers,Rams,Steelers,3005,Inglewood,SoFi Stadium,CA,OUTDOOR,FOX,0:00,FINAL,FINAL,24,0,3,7,14,0,2,17,0,9,8,0,0,0,NULL,-3.5,44.5
2023102904,2023,REG,8,59284,10/29/2023,13:00:00,NULL,2700,3200,MIA,NE,Miami Dolphins,New England Patriots,Dolphins,Patriots,2475,Opa Locka,Hard Rock Stadium,FL,OUTDOOR,CBS,0:00,FINAL,FINAL,17,7,0,3,7,0,2,31,7,10,7,7,0,2,NULL,-9.5,46.5
2023091011,2023,REG,1,59185,9/10/2023,16:25:00,NULL,3200,3700,NE,PHI,New England Patriots,Philadelphia Eagles,Patriots,Eagles,1065,Foxborough,Gillette Stadium,MA,OUTDOOR,CBS,0:00,FINAL,FINAL,25,16,0,3,6,0,0,20,0,14,0,6,0,0,NULL,3.5,43.5
2023091013,2023,REG,1,59187,9/10/2023,20:20:00,NULL,3410,1200,NYG,DAL,New York Giants,Dallas Cowboys,Giants,Cowboys,3757,East Rutherford,MetLife Stadium,NJ,OUTDOOR,NBC,0:00,FINAL,FINAL,40,16,10,7,7,0,2,0,0,0,0,0,0,3,NULL,3.5,45.5
2023101511,2023,REG,6,59263,10/15/2023,16:25:00,NULL,3430,3700,NYJ,PHI,New York Jets,Philadelphia Eagles,Jets,Eagles,3757,East Rutherford,MetLife Stadium,NJ,OUTDOOR,FOX,0:00,FINAL,FINAL,14,7,7,0,0,0,1,20,0,9,3,8,0,0,NULL,6.5,43.5
2023102207,2023,REG,7,59274,10/22/2023,16:05:00,NULL,4600,3800,SEA,ARI,Seattle Seahawks,Arizona Cardinals,Seahawks,Cardinals,5315,Seattle,Lumen Field,WA,OUTDOOR,FOX,0:00,FINAL,FINAL,10,3,7,0,0,0,0,20,7,7,3,3,0,1,NULL,-7.5,43.5
2023110506,2023,REG,9,59302,11/5/2023,13:00:00,NULL,3200,5110,NE,WAS,New England Patriots,Washington Commanders,Patriots,Commanders,1065,Foxborough,Gillette Stadium,MA,OUTDOOR,FOX,0:00,FINAL,FINAL,20,3,7,10,0,0,2,17,0,14,3,0,0,0,NULL,-2.5,40.5
2023110507,2023,REG,9,59303,11/5/2023,13:00:00,NULL,3300,810,NO,CHI,New Orleans Saints,Chicago Bears,Saints,Bears,2870,New Orleans,Caesars Superdome,LA,INDOOR,CBS,0:00,FINAL,FINAL,17,7,7,3,0,0,0,24,7,7,3,7,0,1,NULL,-9.5,41.5
2023091706,2023,REG,2,59196,9/17/2023,13:00:00,NULL,4900,810,TB,CHI,Tampa Bay Buccaneers,Chicago Bears,Buccaneers,Bears,3697,Tampa,Raymond James Stadium,FL,OUTDOOR,FOX,0:00,FINAL,FINAL,17,7,3,0,7,0,1,27,3,10,7,7,0,3,NULL,-2.5,40.5
2023101505,2023,REG,6,59257,10/15/2023,13:00:00,NULL,2120,3300,HOU,NO,Houston Texans,New Orleans Saints,Texans,Saints,3698,Houston,NRG Stadium,TX,OUTDOOR,FOX,0:00,FINAL,FINAL,13,7,3,3,0,0,0,20,7,10,3,0,0,2,NULL,2.5,41.5
2023102209,2023,REG,7,59276,10/22/2023,16:25:00,NULL,2310,4400,KC,LAC,Kansas City Chiefs,Los Angeles Chargers,Chiefs,Chargers,1552,Kansas City,GEHA Field at Arrowhead Stadium,MO,OUTDOOR,CBS,0:00,FINAL,FINAL,17,3,14,0,0,0,1,31,3,21,0,7,0,3,NULL,-4.5,48.5
2023102912,2023,REG,8,59292,10/29/2023,16:25:00,NULL,4500,920,SF,CIN,San Francisco 49ers,Cincinnati Bengals,49ers,Bengals,2099,Santa Clara,Levi's Stadium,CA,OUTDOOR,CBS,0:00,FINAL,FINAL,31,14,0,3,14,0,1,17,7,3,0,7,0,0,NULL,-4.5,44.5
2023111909,2023,REG,11,59333,11/19/2023,16:25:00,NULL,610,3430,BUF,NYJ,Buffalo Bills,New York Jets,Bills,Jets,3770,Orchard Park,Highmark Stadium,NY,OUTDOOR,CBS,0:00,FINAL,FINAL,6,0,6,0,0,0,2,32,6,10,13,3,0,1,NULL,-8.5,39.5
2023092408,2023,REG,3,59214,9/24/2023,13:00:00,NULL,5110,610,WAS,BUF,Washington Commanders,Buffalo Bills,Commanders,Bills,2389,Landover,FedExField,MD,OUTDOOR,CBS,0:00,FINAL,FINAL,37,10,6,0,21,0,2,3,0,0,0,3,0,1,NULL,5.5,43.5
2023100900,2023,REG,5,59250,10/9/2023,20:15:00,NULL,2520,1800,LV,GB,Las Vegas Raiders,Green Bay Packers,Raiders,Packers,1510,Paradise,Allegiant Stadium,NV,INDOOR,ABC,0:00,FINAL,FINAL,13,3,0,10,0,0,1,17,0,10,0,7,0,2,NULL,-1.5,44.5
2023110503,2023,REG,9,59299,11/5/2023,13:00:00,NULL,1050,3800,CLE,ARI,Cleveland Browns,Arizona Cardinals,Browns,Cardinals,1048,Cleveland,Cleveland Browns Stadium,OH,OUTDOOR,CBS,0:00,FINAL,FINAL,0,0,0,0,0,0,0,27,0,13,7,7,0,2,NULL,-12.5,37.5
2023092406,2023,REG,3,59212,9/24/2023,13:00:00,NULL,3000,4400,MIN,LAC,Minnesota Vikings,Los Angeles Chargers,Vikings,Chargers,1652,Minneapolis,U.S. Bank Stadium,MN,INDOOR,FOX,0:00,FINAL,FINAL,28,7,7,7,7,0,3,24,0,10,7,7,0,0,NULL,-0.5,53.5
2023092410,2023,REG,3,59216,9/24/2023,16:25:00,NULL,3800,1200,ARI,DAL,Arizona Cardinals,Dallas Cowboys,Cardinals,Cowboys,1907,Glendale,State Farm Stadium,AZ,RETRACTABLE,FOX,0:00,FINAL,FINAL,16,3,7,3,3,0,0,28,9,12,0,7,0,3,NULL,11.5,43.5
2023100801,2023,REG,5,59239,10/8/2023,13:00:00,NULL,200,2120,ATL,HOU,Atlanta Falcons,Houston Texans,Falcons,Texans,2076,Atlanta,Mercedes-Benz Stadium,GA,INDOOR,FOX,0:00,FINAL,FINAL,19,3,6,3,7,0,0,21,7,0,0,14,0,2,NULL,-1.5,42.5
2023100811,2023,REG,5,59249,10/8/2023,20:20:00,NULL,4500,1200,SF,DAL,San Francisco 49ers,Dallas Cowboys,49ers,Cowboys,2099,Santa Clara,Levi's Stadium,CA,OUTDOOR,NBC,0:00,FINAL,FINAL,10,0,7,3,0,0,3,42,7,14,7,14,0,3,NULL,-3.5,44.5
2023101509,2023,REG,6,59261,10/15/2023,16:05:00,NULL,2520,3200,LV,NE,Las Vegas Raiders,New England Patriots,Raiders,Patriots,1510,Paradise,Allegiant Stadium,NV,INDOOR,CBS,0:00,FINAL,FINAL,17,0,3,7,7,0,0,21,3,10,3,5,0,2,NULL,-2.5,41.5
2023102906,2023,REG,8,59286,10/29/2023,13:00:00,NULL,3900,2250,PIT,JAX,Pittsburgh Steelers,Jacksonville Jaguars,Steelers,Jaguars,5411,Pittsburgh,Acrisure Stadium,PA,OUTDOOR,CBS,0:00,FINAL,FINAL,20,6,3,8,3,0,2,10,0,3,7,0,0,0,NULL,1.5,41.5
2023091703,2023,REG,2,59193,9/17/2023,13:00:00,NULL,1540,4600,DET,SEA,Detroit Lions,Seattle Seahawks,Lions,Seahawks,2026,Detroit,Ford Field,MI,INDOOR,FOX,0:00,FINAL OVERTIME,FINAL,37,7,0,10,14,6,2,31,7,7,7,10,0,2,NULL,-4.5,46.5
2023100110,2023,REG,4,59232,10/1/2023,16:05:00,NULL,4400,2520,LAC,LV,Los Angeles Chargers,Las Vegas Raiders,Chargers,Raiders,3005,Inglewood,SoFi Stadium,CA,OUTDOOR,CBS,0:00,FINAL,FINAL,17,7,0,3,7,0,0,24,7,17,0,0,0,3,NULL,-6.5,48.5
2023101506,2023,REG,6,59258,10/15/2023,13:00:00,NULL,2250,2200,JAX,IND,Jacksonville Jaguars,Indianapolis Colts,Jaguars,Colts,2049,Jacksonville,TIAA Bank Field,FL,OUTDOOR,CBS,0:00,FINAL,FINAL,20,3,3,0,14,0,0,37,0,21,10,6,0,3,NULL,-3.5,44.5
2023101512,2023,REG,6,59264,10/15/2023,20:20:00,NULL,610,3410,BUF,NYG,Buffalo Bills,New York Giants,Bills,Giants,3770,Orchard Park,Highmark Stadium,NY,OUTDOOR,NBC,0:00,FINAL,FINAL,9,3,3,0,3,0,0,14,0,0,0,14,0,0,NULL,-15.5,43.5
2023100807,2023,REG,5,59245,10/8/2023,16:05:00,NULL,3800,920,ARI,CIN,Arizona Cardinals,Cincinnati Bengals,Cardinals,Bengals,1907,Glendale,State Farm Stadium,AZ,RETRACTABLE,FOX,0:00,FINAL,FINAL,34,10,7,7,10,0,2,20,0,14,6,0,0,0,NULL,3.5,44.5
2023102208,2023,REG,7,59275,10/22/2023,16:25:00,NULL,1400,1800,DEN,GB,Denver Broncos,Green Bay Packers,Broncos,Packers,5786,Denver,Empower Field at Mile High,CO,OUTDOOR,CBS,0:00,FINAL,FINAL,17,0,0,10,7,0,0,19,3,6,7,3,0,0,NULL,-1.5,44.5
2023111907,2023,REG,11,59331,11/19/2023,13:00:00,NULL,5110,3410,WAS,NYG,Washington Commanders,New York Giants,Commanders,Giants,2389,Landover,FedExField,MD,OUTDOOR,FOX,0:00,FINAL,FINAL,31,7,7,0,17,0,2,19,3,6,3,7,0,0,NULL,-8.5,38.5
2023092405,2023,REG,3,59211,9/24/2023,13:00:00,NULL,2700,1400,MIA,DEN,Miami Dolphins,Denver Broncos,Dolphins,Broncos,2475,Opa Locka,Hard Rock Stadium,FL,OUTDOOR,CBS,0:00,FINAL,FINAL,20,7,6,0,7,0,3,70,14,21,14,21,0,3,NULL,-6.5,48.5
2023100109,2023,REG,4,59231,10/1/2023,13:00:00,NULL,2100,920,TEN,CIN,Tennessee Titans,Cincinnati Bengals,Titans,Bengals,2350,Nashville,Nissan Stadium,TN,OUTDOOR,FOX,0:00,FINAL,FINAL,3,3,0,0,0,0,2,27,3,21,3,0,0,2,NULL,3.5,41.5
2023091708,2023,REG,2,59198,9/17/2023,16:05:00,NULL,3800,3410,ARI,NYG,Arizona Cardinals,New York Giants,Cardinals,Giants,1907,Glendale,State Farm Stadium,AZ,RETRACTABLE,FOX,0:00,FINAL,FINAL,31,0,0,14,17,0,0,28,7,13,8,0,0,0,NULL,5.5,40.5
2023111908,2023,REG,11,59332,11/19/2023,16:05:00,NULL,4500,4900,SF,TB,San Francisco 49ers,Tampa Bay Buccaneers,49ers,Buccaneers,2099,Santa Clara,Levi's Stadium,CA,OUTDOOR,FOX,0:00,FINAL,FINAL,14,0,7,0,7,0,0,27,7,6,14,0,0,2,NULL,-13.5,41.5
2023092403,2023,REG,3,59209,9/24/2023,13:00:00,NULL,1800,3300,GB,NO,Green Bay Packers,New Orleans Saints,Packers,Saints,2606,Green Bay,Lambeau Field,WI,OUTDOOR,FOX,0:00,FINAL,FINAL,17,7,10,0,0,0,0,18,0,0,0,18,0,2,NULL,1.5,41.5
2023100102,2023,REG,4,59224,10/1/2023,13:00:00,NULL,750,3000,CAR,MIN,Carolina Panthers,Minnesota Vikings,Panthers,Vikings,1769,Charlotte,Bank of America Stadium,NC,OUTDOOR,FOX,0:00,FINAL,FINAL,21,0,7,14,0,0,1,13,7,6,0,0,0,0,NULL,4.5,46.5
2023102907,2023,REG,8,59287,10/29/2023,13:00:00,NULL,2100,200,TEN,ATL,Tennessee Titans,Atlanta Falcons,Titans,Falcons,2350,Nashville,Nissan Stadium,TN,OUTDOOR,CBS,0:00,FINAL,FINAL,23,3,0,6,14,0,0,28,7,7,7,7,0,3,NULL,2.5,35.5
2023091709,2023,REG,2,59199,9/17/2023,16:05:00,NULL,2510,4500,LA,SF,Los Angeles Rams,San Francisco 49ers,Rams,49ers,3005,Inglewood,SoFi Stadium,CA,OUTDOOR,FOX,0:00,FINAL,FINAL,30,7,10,3,10,0,1,23,3,14,0,6,0,0,NULL,7.5,45.5
2023091702,2023,REG,2,59192,9/17/2023,13:00:00,NULL,920,325,CIN,BAL,Cincinnati Bengals,Baltimore Ravens,Bengals,Ravens,3530,Cincinnati,Paycor Stadium,OH,OUTDOOR,CBS,0:00,FINAL,FINAL,27,7,6,7,7,0,2,24,0,10,7,7,0,0,NULL,-3.5,45.5
2023100808,2023,REG,5,59246,10/8/2023,16:05:00,NULL,2510,3700,LA,PHI,Los Angeles Rams,Philadelphia Eagles,Rams,Eagles,3005,Inglewood,SoFi Stadium,CA,OUTDOOR,FOX,0:00,FINAL,FINAL,23,7,10,0,6,0,0,14,7,7,0,0,0,0,NULL,3.5,50.5
2023102203,2023,REG,7,59270,10/22/2023,13:00:00,NULL,3200,610,NE,BUF,New England Patriots,Buffalo Bills,Patriots,Bills,1065,Foxborough,Gillette Stadium,MA,OUTDOOR,CBS,0:00,FINAL,FINAL,25,0,3,7,15,0,0,29,10,3,3,13,0,0,NULL,7.5,41.5
2023102908,2023,REG,8,59288,10/29/2023,13:00:00,NULL,5110,3700,WAS,PHI,Washington Commanders,Philadelphia Eagles,Commanders,Eagles,2389,Landover,FedExField,MD,OUTDOOR,FOX,0:00,FINAL,FINAL,38,3,7,7,21,0,2,31,7,10,0,14,0,0,NULL,6.5,42.5
2023111906,2023,REG,11,59330,11/19/2023,13:00:00,NULL,2700,2520,MIA,LV,Miami Dolphins,Las Vegas Raiders,Dolphins,Raiders,2475,Opa Locka,Hard Rock Stadium,FL,OUTDOOR,CBS,0:00,FINAL,FINAL,13,10,3,0,0,0,0,20,7,7,6,0,0,2,NULL,-13.5,44.5
2023091700,2023,REG,2,59190,9/17/2023,13:00:00,NULL,200,1800,ATL,GB,Atlanta Falcons,Green Bay Packers,Falcons,Packers,2076,Atlanta,Mercedes-Benz Stadium,GA,INDOOR,FOX,0:00,FINAL,FINAL,24,0,10,14,0,0,0,25,3,6,3,13,0,1,NULL,-2.5,40.5
2023092404,2023,REG,3,59210,9/24/2023,13:00:00,NULL,2250,2120,JAX,HOU,Jacksonville Jaguars,Houston Texans,Jaguars,Texans,2049,Jacksonville,TIAA Bank Field,FL,OUTDOOR,FOX,0:00,FINAL,FINAL,37,7,10,7,13,0,1,17,0,0,10,7,0,3,NULL,-7.5,43.5
2023100106,2023,REG,4,59228,10/1/2023,13:00:00,NULL,2200,2510,IND,LA,Indianapolis Colts,Los Angeles Rams,Colts,Rams,2878,Indianapolis,Lucas Oil Stadium,IN,INDOOR,FOX,0:00,FINAL OVERTIME,FINAL,29,14,6,3,0,6,1,23,0,0,8,15,0,2,NULL,-0.5,44.5
2023101900,2023,REG,7,59266,10/19/2023,20:15:00,NULL,3300,2250,NO,JAX,New Orleans Saints,Jacksonville Jaguars,Saints,Jaguars,2870,New Orleans,Caesars Superdome,LA,INDOOR,Prime Video,0:00,FINAL,FINAL,31,7,10,7,7,0,3,24,3,3,3,15,0,0,NULL,-2.5,40.5
2023111900,2023,REG,11,59324,11/19/2023,13:00:00,NULL,750,1200,CAR,DAL,Carolina Panthers,Dallas Cowboys,Panthers,Cowboys,1769,Charlotte,Bank of America Stadium,NC,OUTDOOR,FOX,0:00,FINAL,FINAL,33,7,10,0,16,0,1,10,0,3,7,0,0,3,NULL,11.5,43.5
2023100101,2023,REG,4,59223,10/1/2023,13:00:00,NULL,610,2700,BUF,MIA,Buffalo Bills,Miami Dolphins,Bills,Dolphins,3770,Orchard Park,Highmark Stadium,NY,OUTDOOR,CBS,0:00,FINAL,FINAL,20,7,7,6,0,0,2,48,14,17,10,7,0,2,NULL,-2.5,53.5
2023091400,2023,REG,2,59189,9/14/2023,20:15:00,NULL,3700,3000,PHI,MIN,Philadelphia Eagles,Minnesota Vikings,Eagles,Vikings,2769,Philadelphia,Lincoln Financial Field,PA,OUTDOOR,Prime Video,0:00,FINAL,FINAL,28,0,7,7,14,0,0,34,3,10,14,7,0,1,NULL,-6.5,48.5
2023092407,2023,REG,3,59213,9/24/2023,13:00:00,NULL,3430,3200,NYJ,NE,New York Jets,New England Patriots,Jets,Patriots,3757,East Rutherford,MetLife Stadium,NJ,OUTDOOR,CBS,0:00,FINAL,FINAL,15,3,7,3,2,0,0,10,0,3,0,7,0,0,NULL,1.5,35.5
2023101500,2023,REG,6,59252,10/15/2023,9:30:00,NULL,2100,325,TEN,BAL,Tennessee Titans,Baltimore Ravens,Titans,Ravens,5528,London,Tottenham Hotspur Stadium,NULL,OUTDOOR,NFL NETWORK,0:00,FINAL,FINAL,24,6,12,0,6,0,2,16,3,0,10,3,0,0,NULL,5.5,42.5
2023102201,2023,REG,7,59268,10/22/2023,13:00:00,NULL,810,2520,CHI,LV,Chicago Bears,Las Vegas Raiders,Bears,Raiders,4620,Chicago,Soldier Field,IL,OUTDOOR,FOX,0:00,FINAL,FINAL,12,0,3,0,9,0,1,30,7,7,7,9,0,2,NULL,2.5,38.5
2023100805,2023,REG,5,59243,10/8/2023,13:00:00,NULL,3200,3300,NE,NO,New England Patriots,New Orleans Saints,Patriots,Saints,1065,Foxborough,Gillette Stadium,MA,OUTDOOR,CBS,0:00,FINAL,FINAL,34,7,14,3,10,0,3,0,0,0,0,0,0,2,NULL,-2.5,38.5
2023101504,2023,REG,6,59256,10/15/2023,13:00:00,NULL,1050,4500,CLE,SF,Cleveland Browns,San Francisco 49ers,Browns,49ers,1048,Cleveland,Cleveland Browns Stadium,OH,OUTDOOR,FOX,0:00,FINAL,FINAL,17,7,3,0,7,0,1,19,0,7,6,6,0,0,NULL,9.5,34.5
2023092800,2023,REG,4,59221,9/28/2023,20:15:00,NULL,1800,1540,GB,DET,Green Bay Packers,Detroit Lions,Packers,Lions,2606,Green Bay,Lambeau Field,WI,OUTDOOR,Prime Video,0:00,FINAL,FINAL,34,14,13,0,7,0,1,20,3,0,8,9,0,0,NULL,1.5,45.5
2023100802,2023,REG,5,59240,10/8/2023,13:00:00,NULL,1540,750,DET,CAR,Detroit Lions,Carolina Panthers,Lions,Panthers,2026,Detroit,Ford Field,MI,INDOOR,FOX,0:00,FINAL,FINAL,24,0,10,0,14,0,3,42,14,14,0,14,0,3,NULL,-9.5,43.5
2023102909,2023,REG,8,59289,10/29/2023,16:05:00,NULL,4600,1050,SEA,CLE,Seattle Seahawks,Cleveland Browns,Seahawks,Browns,5315,Seattle,Lumen Field,WA,OUTDOOR,FOX,0:00,FINAL,FINAL,20,7,7,6,0,0,1,24,17,0,0,7,0,2,NULL,-4.5,38.5
2023111903,2023,REG,11,59327,11/19/2023,13:00:00,NULL,1800,4400,GB,LAC,Green Bay Packers,Los Angeles Chargers,Packers,Chargers,2606,Green Bay,Lambeau Field,WI,OUTDOOR,FOX,0:00,FINAL,FINAL,20,3,7,3,7,0,0,23,0,10,6,7,0,2,NULL,1.5,43.5
2023092402,2023,REG,3,59208,9/24/2023,13:00:00,NULL,1540,200,DET,ATL,Detroit Lions,Atlanta Falcons,Lions,Falcons,2026,Detroit,Ford Field,MI,INDOOR,FOX,0:00,FINAL,FINAL,6,0,3,0,3,0,0,20,3,10,0,7,0,1,NULL,-3.5,47.5
2023101503,2023,REG,6,59255,10/15/2023,13:00:00,NULL,920,4600,CIN,SEA,Cincinnati Bengals,Seattle Seahawks,Bengals,Seahawks,3530,Cincinnati,Paycor Stadium,OH,OUTDOOR,CBS,0:00,FINAL,FINAL,13,7,3,3,0,0,0,17,7,7,0,3,0,0,NULL,-2.5,45.5
2023102200,2023,REG,7,59267,10/22/2023,13:00:00,NULL,325,1540,BAL,DET,Baltimore Ravens,Detroit Lions,Ravens,Lions,3695,Baltimore,M&T Bank Stadium,MD,OUTDOOR,FOX,0:00,FINAL,FINAL,6,0,0,0,6,0,2,38,14,14,7,3,0,2,NULL,-3.5,43.5
2023102901,2023,REG,8,59281,10/29/2023,13:00:00,NULL,1200,2510,DAL,LA,Dallas Cowboys,Los Angeles Rams,Cowboys,Rams,4948,Arlington,AT&T Stadium,TX,RETRACTABLE,FOX,0:00,FINAL,FINAL,20,3,6,8,3,0,3,43,17,16,3,7,0,1,NULL,-6.5,45.5
2023111904,2023,REG,11,59328,11/19/2023,13:00:00,NULL,2120,3800,HOU,ARI,Houston Texans,Arizona Cardinals,Texans,Cardinals,3698,Houston,NRG Stadium,TX,OUTDOOR,CBS,0:00,FINAL,FINAL,16,10,0,6,0,0,1,21,7,14,0,0,0,3,NULL,-5.5,47.5
2023100105,2023,REG,4,59227,10/1/2023,13:00:00,NULL,2120,3900,HOU,PIT,Houston Texans,Pittsburgh Steelers,Texans,Steelers,3698,Houston,NRG Stadium,TX,OUTDOOR,CBS,0:00,FINAL,FINAL,6,0,0,6,0,0,2,30,10,6,0,14,0,3,NULL,1.5,40.5
2023102202,2023,REG,7,59269,10/22/2023,13:00:00,NULL,2200,1050,IND,CLE,Indianapolis Colts,Cleveland Browns,Colts,Browns,2878,Indianapolis,Lucas Oil Stadium,IN,INDOOR,CBS,0:00,FINAL,FINAL,39,7,20,3,9,0,0,38,14,7,7,10,0,1,NULL,3.5,40.5
2023101502,2023,REG,6,59254,10/15/2023,13:00:00,NULL,810,3000,CHI,MIN,Chicago Bears,Minnesota Vikings,Bears,Vikings,4620,Chicago,Soldier Field,IL,OUTDOOR,FOX,0:00,FINAL,FINAL,19,3,9,7,0,0,2,13,0,6,0,7,0,0,NULL,3.5,44.5
2023102900,2023,REG,8,59280,10/29/2023,13:00:00,NULL,750,2120,CAR,HOU,Carolina Panthers,Houston Texans,Panthers,Texans,1769,Charlotte,Bank of America Stadium,NC,OUTDOOR,FOX,0:00,FINAL,FINAL,13,0,7,6,0,0,0,15,0,6,6,3,0,1,NULL,3.5,42.5
2023100100,2023,REG,4,59222,10/1/2023,9:30:00,NULL,2250,200,JAX,ATL,Jacksonville Jaguars,Atlanta Falcons,Jaguars,Falcons,5525,London,Wembley Stadium,NULL,OUTDOOR,ESPN+,0:00,FINAL,FINAL,7,0,0,7,0,0,0,23,7,10,0,6,0,1,NULL,-3.5,42.5
2023111600,2023,REG,11,59323,11/16/2023,20:15:00,NULL,325,920,BAL,CIN,Baltimore Ravens,Cincinnati Bengals,Ravens,Bengals,3695,Baltimore,M&T Bank Stadium,MD,OUTDOOR,Prime Video,0:00,FINAL,FINAL,20,3,7,3,7,0,3,34,7,14,6,7,0,3,NULL,-4.5,46.5
2023100803,2023,REG,5,59241,10/8/2023,13:00:00,NULL,2200,2100,IND,TEN,Indianapolis Colts,Tennessee Titans,Colts,Titans,2878,Indianapolis,Lucas Oil Stadium,IN,INDOOR,CBS,0:00,FINAL,FINAL,16,3,3,10,0,0,0,23,7,3,7,6,0,2,NULL,1.5,44.5
2023101501,2023,REG,6,59253,10/15/2023,13:00:00,NULL,200,5110,ATL,WAS,Atlanta Falcons,Washington Commanders,Falcons,Commanders,2076,Atlanta,Mercedes-Benz Stadium,GA,INDOOR,CBS,0:00,FINAL,FINAL,24,3,14,7,0,0,3,16,7,3,0,6,0,0,NULL,-1.5,42.5
2023100804,2023,REG,5,59242,10/8/2023,13:00:00,NULL,2700,3410,MIA,NYG,Miami Dolphins,New York Giants,Dolphins,Giants,2475,Opa Locka,Hard Rock Stadium,FL,OUTDOOR,FOX,0:00,FINAL,FINAL,16,0,10,3,3,0,1,31,7,10,14,0,0,3,NULL,-12.5,47.5
2023100103,2023,REG,4,59225,10/1/2023,13:00:00,NULL,810,1400,CHI,DEN,Chicago Bears,Denver Broncos,Bears,Broncos,4620,Chicago,Soldier Field,IL,OUTDOOR,CBS,0:00,FINAL,FINAL,31,7,0,7,17,0,1,28,0,21,7,0,0,0,NULL,2.5,46.5
2023111902,2023,REG,11,59326,11/19/2023,13:00:00,NULL,1540,810,DET,CHI,Detroit Lions,Chicago Bears,Lions,Bears,2026,Detroit,Ford Field,MI,INDOOR,FOX,0:00,FINAL,FINAL,26,7,3,10,6,0,2,31,0,14,0,17,0,0,NULL,-7.5,48.5
2023092400,2023,REG,3,59206,9/24/2023,13:00:00,NULL,325,2200,BAL,IND,Baltimore Ravens,Indianapolis Colts,Ravens,Colts,3695,Baltimore,M&T Bank Stadium,MD,OUTDOOR,CBS,0:00,FINAL OVERTIME,FINAL,22,0,10,3,6,3,2,19,7,0,7,5,0,0,NULL,-7.5,43.5
2023102903,2023,REG,8,59283,10/29/2023,13:00:00,NULL,2200,3300,IND,NO,Indianapolis Colts,New Orleans Saints,Colts,Saints,2878,Indianapolis,Lucas Oil Stadium,IN,INDOOR,FOX,0:00,FINAL,FINAL,38,7,14,7,10,0,1,27,7,13,0,7,0,0,NULL,1.5,43.5
2023100500,2023,REG,5,59237,10/5/2023,20:15:00,NULL,5110,810,WAS,CHI,Washington Commanders,Chicago Bears,Commanders,Bears,2389,Landover,FedExField,MD,OUTDOOR,Prime Video,0:00,FINAL,FINAL,40,10,17,0,13,0,3,20,0,3,11,6,0,0,NULL,-5.5,44.5
2023102905,2023,REG,8,59285,10/29/2023,13:00:00,NULL,3410,3430,NYG,NYJ,New York Giants,New York Jets,Giants,Jets,3757,East Rutherford,MetLife Stadium,NJ,OUTDOOR,CBS,0:00,FINAL OVERTIME,FINAL,13,7,0,0,3,3,1,10,3,0,7,0,0,1,NULL,3.5,33.5
2023111200,2023,REG,10,59310,11/12/2023,9:30:00,NULL,3200,2200,NE,IND,New England Patriots,Indianapolis Colts,Patriots,Colts,2031,Frankfurt,Deutsche Bank Park,Hesse,OUTDOOR,NFL NETWORK,0:00,FINAL,FINAL,10,7,0,0,3,0,3,6,3,0,0,3,0,0,NULL,1.5,42.5
2023111901,2023,REG,11,59325,11/19/2023,13:00:00,NULL,1050,3900,CLE,PIT,Cleveland Browns,Pittsburgh Steelers,Browns,Steelers,1048,Cleveland,Cleveland Browns Stadium,OH,OUTDOOR,CBS,0:00,FINAL,FINAL,10,0,0,7,3,0,0,13,7,3,0,3,0,0,NULL,-2.5,34.5
2023100104,2023,REG,4,59226,10/1/2023,13:00:00,NULL,1050,325,CLE,BAL,Cleveland Browns,Baltimore Ravens,Browns,Ravens,1048,Cleveland,Cleveland Browns Stadium,OH,OUTDOOR,CBS,0:00,FINAL,FINAL,28,7,14,0,7,0,2,3,3,0,0,0,0,3,NULL,1.5,39.5
2023100800,2023,REG,5,59238,10/8/2023,9:30:00,NULL,610,2250,BUF,JAX,Buffalo Bills,Jacksonville Jaguars,Bills,Jaguars,5528,London,Tottenham Hotspur Stadium,NULL,OUTDOOR,NFL NETWORK,0:00,FINAL,FINAL,25,11,0,0,14,0,1,20,0,7,0,13,0,0,NULL,-5.5,48.5
2023091704,2023,REG,2,59194,9/17/2023,13:00:00,NULL,2120,2200,HOU,IND,Houston Texans,Indianapolis Colts,Texans,Colts,3698,Houston,NRG Stadium,TX,OUTDOOR,FOX,0:00,FINAL,FINAL,31,14,14,3,0,0,0,20,7,3,0,10,0,0,NULL,-0.5,39.5
2023102600,2023,REG,8,59279,10/26/2023,20:15:00,NULL,610,4900,BUF,TB,Buffalo Bills,Tampa Bay Buccaneers,Bills,Buccaneers,3770,Orchard Park,Highmark Stadium,NY,OUTDOOR,Prime Video,0:00,FINAL,FINAL,18,0,10,0,8,0,0,24,3,14,7,0,0,0,NULL,-9.5,43.5
